{
  "contractEtherDelta": "smart_contract/etherdelta.sol",
  "contractToken": "smart_contract/token.sol",
  "contractReserveToken": "smart_contract/reservetoken.sol",
  "contractEtherDeltaAddrs": [
    { "addr": "0x8d12a197cb00d4747a1fe03395095ce2a5cc6819", "info": "Deployed 02/09/2017 -- THE CURRENT SMART CONTRACT" },
    { "addr": "0x373c55c277b866a69dc047cad488154ab9759466", "info": "Deployed 10/24/2016 -- OLD, DO NOT USE" },
    { "addr": "0x4aea7cf559f67cedcad07e12ae6bc00f07e8cf65", "info": "Deployed 08/30/2016 -- OLD, DO NOT USE" },
    { "addr": "0x2136bbba2edca21afdddee838fff19ea70d10f03", "info": "Deployed 08/03/2016 -- OLD, DO NOT USE" },
    { "addr": "0xc6b330df38d6ef288c953f1f2835723531073ce2", "info": "Deployed 07/08/2016 -- OLD, DO NOT USE" }
  ],
  "ethTestnet": false,
  "ethChainId": 1,
  "ethProvider": "http://localhost:8545",
  "ethGasPrice": 4000000000,
  "ethAddr": "0x0000000000000000000000000000000000000000",
  "ethAddrPrivateKey": "",
  "gasApprove": 250000,
  "gasDeposit": 250000,
  "gasWithdraw": 250000,
  "gasTrade": 250000,
  "gasOrder": 250000,
  "minOrderSize": 0.001,
  "socketServer": [
    "https://socket01.etherdelta.com",
    "https://socket02.etherdelta.com",
    "https://socket03.etherdelta.com",
    "https://socket04.etherdelta.com",
    "https://socket05.etherdelta.com",
    "https://socket06.etherdelta.com"
  ],
  "userCookie": "EtherDelta",
  "eventsCacheCookie": "EtherDelta_eventsCache",
  "ordersCacheCookie": "EtherDelta_ordersCache",
  "etherscanAPIKey": "GCGR1C9I17TYIRNYUDDEIJH1K5BRPH4UDE",
  "ledgerPath": "m/44'/60'/0'/0",
  "bases": [
    { "addr": "0x0000000000000000000000000000000000000000", "name": "ETH", "fullName": "Ethereum", "decimals": 18 }
  ],
  "tokens": [
    { "addr": "0x08d32b0da63e2c3bcf8019c9c5d849d7a9d791e6", "name": "DCN", "fullName": "Dentacoin", "decimals": 0 },
    { "addr": "0x0a76aad21948ea1ef447d26dee91a54370e151e0", "name": "ELITE", "fullName": "Ethereum Lite", "decimals": 18 },
    { "addr": "0x12b306fa98f4cbb8d4457fdff3a0a0a56f07ccdf", "name": "SXDT", "fullName": "Spectre.ai D-Token", "decimals": 18 },
    { "addr": "0x168296bb09e24a88805cb9c33356536b980d3fc5", "name": "RHOC", "fullName": "RHOC", "decimals": 8 },
    { "addr": "0x1f573d6fb3f13d689ff844b4ce37794d79a7ff1c", "name": "BNT", "fullName": "Bancor Network Token", "decimals": 18 },
    { "addr": "0x2233799ee2683d75dfefacbcd2a26c78d34b470d", "name": "NTWK", "fullName": "Network Token", "decimals": 18 },
    { "addr": "0x275fd328c3986be83f8b60f79c73cf63fde98ca5", "name": "CSL", "fullName": "CryptoSocial", "decimals": 18 },
    { "addr": "0x27695e09149adc738a978e9a678f99e4c39e9eb9", "name": "KICK", "fullName": "KickCoin", "decimals": 8 },
    { "addr": "0x358d12436080a01a16f711014610f8a4c2c2d233", "name": "PXS", "fullName": "Pundi X Token", "decimals": 18 },
    { "addr": "0x3597bfd533a99c9aa083587b074434e61eb0a258", "name": "DENT", "fullName": "DENT", "decimals": 8 },
    { "addr": "0x3883f5e181fccaf8410fa61e12b59bad963fb645", "name": "THETA", "fullName": "Theta Token", "decimals": 18 },
    { "addr": "0x41e5560054824ea6b0732e656e3ad64e20e94e45", "name": "CVC", "fullName": "Civic", "decimals": 8 },
    { "addr": "0x519475b31653e46d20cd09f9fdcf3b12bdacb4f5", "name": "VIU", "fullName": "VIU", "decimals": 18 },
    { "addr": "0x52a7cb918c11a16958be40cba7e31e32a499a465", "name": "FDX", "fullName": "fidentiaX", "decimals": 18 },
    { "addr": "0x539efe69bcdd21a83efd9122571a64cc25e0282b", "name": "BLUE", "fullName": "Ethereum Blue", "decimals": 8 },
    { "addr": "0x57488Fcc3dC72Edb0a4c06a356c2c43C08BdfB42", "name": "CDEX", "fullName": "Creedex", "decimals": 18 },
    { "addr": "0x595832f8fc6bf59c85c527fec3740a1b7a361269", "name": "POWR", "fullName": "PowerLedger", "decimals": 6 },
    { "addr": "0x5d51fcced3114a8bb5e90cdd0f9d682bcbcc5393", "name": "B2B", "fullName": "B2BX", "decimals": 18 },
    { "addr": "0x65292eeadf1426cd2df1c4793a3d7519f253913b", "name": "COSSOLD", "fullName": "COSS", "decimals": 18 },
    { "addr": "0x672a1ad4f667fb18a333af13667aa0af1f5b5bdd", "name": "CRED", "fullName": "Verify Token", "decimals": 18 },
    { "addr": "0x6888a16ea9792c15a4dcf2f6c623d055c8ede792", "name": "SIG", "fullName": "Signals", "decimals": 18 },
    { "addr": "0x68aa3f232da9bdc2343465545794ef3eea5209bd", "name": "MSP", "fullName": "Mothership Token", "decimals": 18 },
    { "addr": "0x7c32db0645a259fae61353c1f891151a2e7f8c1e", "name": "PTM", "fullName": "POTENTIAM", "decimals": 18 },
    { "addr": "0x80a7e048f37a50500351c204cb407766fa3bae7f", "name": "CRPT", "fullName": "CrypteriumToken", "decimals": 18 },
    { "addr": "0x8f3470a7388c05ee4e7af3d01d8c722b0ff52374", "name": "VERI", "fullName": "Veritaseum", "decimals": 18 },
    { "addr": "0x9002d4485b7594e3e850f0a206713b305113f69e", "name": "HAT", "fullName": "HawalaToken", "decimals": 12 },
    { "addr": "0x90528aeb3a2b736b780fd1b6c478bb7e1d643170", "name": "XPA", "fullName": "XPlay Token", "decimals": 18 },
    { "addr": "0x90b1b771d0814d607da104b988efa39288219d62", "name": "MEDI", "fullName": "MediBond", "decimals": 18 },
    { "addr": "0x936f78b9852d12f5cb93177c1f84fb8513d06263", "name": "GNTW", "fullName": "Golem Network Token Wrapped", "decimals": 18 },
    { "addr": "0x93713bf12ba1bb55edf94298a302a8fc9d118086", "name": "ATR", "fullName": "AsterionWorldToken", "decimals": 0 },
    { "addr": "0x9992ec3cf6a55b00978cddf2b27bc6882d88d1ec", "name": "POLY", "fullName": "Polymath", "decimals": 18 },
    { "addr": "0x9e6b2b11542f2bc52f3029077ace37e8fd838d7f", "name": "HKN", "fullName": "Hacken", "decimals": 8 },
    { "addr": "0x9e96604445ec19ffed9a5e8dd7b50a29c899a10c", "name": "COSS", "fullName": "COSS", "decimals": 18 },
    { "addr": "0xab95e915c123fded5bdfb6325e35ef5515f1ea69", "name": "XNN", "fullName": "XENON", "decimals": 18 },
    { "addr": "0xaec2e87e0a235266d9c5adc9deb4b2e29b54d009", "name": "SNGLS", "fullName": "SingularDTV", "decimals": 0 },
    { "addr": "0xaf146fbd319ca7ae178caa2c9d80a2db6b944350", "name": "PXT", "fullName": "PXToken", "decimals": 18 },
    { "addr": "0xb3bd49e28f8f832b8d1e246106991e546c323502", "name": "GMT", "fullName": "Global Messaging Token", "decimals": 18 },
    { "addr": "0xb5a5f22694352c15b00323844ad545abb2b11028", "name": "ICX", "fullName": "ICON", "decimals": 18 },
    { "addr": "0xb6ed7644c69416d67b522e20bc294a9a9b405b31", "name": "0xBTC", "fullName": "0xBitcoin", "decimals": 8 },
    { "addr": "0xc596bd09d652827b0106292d3e378d5938df4b12", "name": "TPT", "fullName": "Teleport", "decimals": 18 },
    { "addr": "0xd0929d411954c47438dc1d871dd6081f5c5e149c", "name": "RFR", "fullName": "Refereum", "decimals": 4 },
    { "addr": "0x949bed886c739f1a3273629b3320db0c5024c719", "name": "AMIS", "fullName": "Refereum", "decimals": 9 }
],
  "defaultPair": { "token": "AMIS", "base": "ETH" }
}
